product_id,product_name,price
1,Four,58.81
2,Yard,154.77
3,Both,105.14
4,Point,185.64
5,Behind,33.86
6,Lawyer,62.38
7,Bed,47.77
8,Report,142.61
9,Soldier,105.89
10,Almost,181.14
11,Partner,126.09
12,Five,65.19
13,Thing,83.13
14,Of,149.53
15,North,161.0
16,Matter,72.06
17,Blue,176.62
18,Drug,156.19
19,Wide,15.47
20,Not,38.4
